pileno,pileseq,markno,unitw,inbound,outbound,topile
SYN_S00,1,SYN_00_000,6.75,1,3,SYN_D00
SYN_S00,2,SYN_00_001,7.67,1,17,SYN_D01
SYN_S00,3,SYN_00_002,3.01,1,49,SYN_D02
SYN_S00,4,SYN_00_003,1.92,1,49,SYN_D03
SYN_S00,5,SYN_00_004,9.03,1,7,SYN_D00
SYN_S00,6,SYN_00_005,6.31,1,4,SYN_D01
SYN_S01,1,SYN_01_000,1.27,1,15,SYN_D01
SYN_S01,2,SYN_01_001,3.09,1,40,SYN_D02
SYN_S01,3,SYN_01_002,1.24,1,14,SYN_D03
SYN_S01,4,SYN_01_003,7.44,1,46,SYN_D00
SYN_S01,5,SYN_01_004,5.9,1,16,SYN_D01
SYN_S01,6,SYN_01_005,5.04,1,19,SYN_D02
SYN_S02,1,SYN_02_000,8.28,1,2,SYN_D02
SYN_S02,2,SYN_02_001,7.83,1,12,SYN_D03
SYN_S02,3,SYN_02_002,7.28,1,23,SYN_D00
SYN_S02,4,SYN_02_003,3.5,1,15,SYN_D01
SYN_S02,5,SYN_02_004,9.61,1,23,SYN_D02
SYN_S02,6,SYN_02_005,1.92,1,26,SYN_D03
SYN_S03,1,SYN_03_000,1.87,1,56,SYN_D03
SYN_S03,2,SYN_03_001,4.1,1,18,SYN_D00
SYN_S03,3,SYN_03_002,8.26,1,48,SYN_D01
SYN_S03,4,SYN_03_003,5.13,1,9,SYN_D02
SYN_S03,5,SYN_03_004,9.76,1,26,SYN_D03
SYN_S03,6,SYN_03_005,1.71,1,20,SYN_D00
